Workbook

Sheet HIS_Log
A1: No. | B1: วันที่แจ้ง | C1: ผู้แจ้ง/แผนก | D1: Module | E1: รายละเอียดปัญหา | F1: ผู้รับเรื่อง | G1: ผู้แก้ไข | H1: วิธีแก้ไข/Root Cause | I1: สถานะ | J1: Shif | K1: Time

Sheet Lists
A1: OPD | B1: Open
A2: IPD | B2: In Progress
A3: Billing | B3: Closed
A4: Lab
A5: Pharmacy
A6: Appointment
A7: OR
A8: EMR
A9: Interface
A10: Other

Sheet Dashboard
A1: Dashboard HIS (IT)
A3: จำนวน Case ทั้งหมด | B3: =COUNTA(HIS_Log!B2:B523) -> 0
A5: Module | B5: จำนวน Case | D5: ผู้แก้ไข | E5: จำนวน Case | G5: สถานะ | H5: จำนวน | J5: Shift | K5: จำนวน | M5: ผู้รับเรื่อง | N5: จำนวน | P5: ผู้แก้ไข | Q5: จำนวน
A6: OPD | B6: =COUNTIF(HIS_Log!D:D,A6) -> 0 | D6: =IFERROR(INDEX(HIS_Log!$G$2:$G$523,MATCH(0,COUNTIF($D$5:D5,HIS_Log!$G$2:$G$523),0)),"") | E6: =IF(D6="","",COUNTIF(HIS_Log!G:G,D6)) | G6: Open | H6: =COUNTIF(HIS_Log!I:I,G6) -> 0 | J6: เช้า | K6: =COUNTIF(HIS_Log!J:J,J6) -> 0 | M6: เปิ้ล | N6: =COUNTIF(HIS_Log!F:F,M6) -> 0 | P6: เปิ้ล | Q6: =COUNTIF(HIS_Log!G:G,P6) -> 0
A7: IPD | B7: =COUNTIF(HIS_Log!D:D,A7) -> 0 | D7: =IFERROR(INDEX(HIS_Log!$G$2:$G$523,MATCH(0,COUNTIF($D$5:D6,HIS_Log!$G$2:$G$523),0)),"") | E7: =IF(D7="","",COUNTIF(HIS_Log!G:G,D7)) | G7: In Progress | H7: =COUNTIF(HIS_Log!I:I,G7) -> 0 | J7: บ่าย | K7: =COUNTIF(HIS_Log!J:J,J7) -> 0 | M7: ต่าย | N7: =COUNTIF(HIS_Log!F:F,M7) -> 0 | P7: ต่าย | Q7: =COUNTIF(HIS_Log!G:G,P7) -> 0
A8: Billing | B8: =COUNTIF(HIS_Log!D:D,A8) -> 0 | D8: =IFERROR(INDEX(HIS_Log!$G$2:$G$523,MATCH(0,COUNTIF($D$5:D7,HIS_Log!$G$2:$G$523),0)),"") | E8: =IF(D8="","",COUNTIF(HIS_Log!G:G,D8)) | G8: Closed | H8: =COUNTIF(HIS_Log!I:I,G8) -> 0 | J8: ดึก | K8: =COUNTIF(HIS_Log!J:J,J8) -> 0 | M8: โรล | N8: =COUNTIF(HIS_Log!F:F,M8) -> 0 | P8: โรล | Q8: =COUNTIF(HIS_Log!G:G,P8) -> 0
A9: Lab | B9: =COUNTIF(HIS_Log!D:D,A9) -> 0 | D9: =IFERROR(INDEX(HIS_Log!$G$2:$G$523,MATCH(0,COUNTIF($D$5:D8,HIS_Log!$G$2:$G$523),0)),"") | E9: =IF(D9="","",COUNTIF(HIS_Log!G:G,D9)) | M9: ทราย | N9: =COUNTIF(HIS_Log!F:F,M9) -> 0 | P9: ทราย | Q9: =COUNTIF(HIS_Log!G:G,P9) -> 0
A10: Pharmacy | B10: =COUNTIF(HIS_Log!D:D,A10) -> 0 | D10: =IFERROR(INDEX(HIS_Log!$G$2:$G$523,MATCH(0,COUNTIF($D$5:D9,HIS_Log!$G$2:$G$523),0)),"") | E10: =IF(D10="","",COUNTIF(HIS_Log!G:G,D10)) | M10: กรณ์ | N10: =COUNTIF(HIS_Log!F:F,M10) -> 0 | P10: กรณ์ | Q10: =COUNTIF(HIS_Log!G:G,P10) -> 0
A11: Appointment | B11: =COUNTIF(HIS_Log!D:D,A11) -> 0 | D11: =IFERROR(INDEX(HIS_Log!$G$2:$G$523,MATCH(0,COUNTIF($D$5:D10,HIS_Log!$G$2:$G$523),0)),"") | E11: =IF(D11="","",COUNTIF(HIS_Log!G:G,D11)) | M11: ท๊อก | N11: =COUNTIF(HIS_Log!F:F,M11) -> 0 | P11: ท๊อก | Q11: =COUNTIF(HIS_Log!G:G,P11) -> 0
A12: OR | B12: =COUNTIF(HIS_Log!D:D,A12) -> 0 | D12: =IFERROR(INDEX(HIS_Log!$G$2:$G$523,MATCH(0,COUNTIF($D$5:D11,HIS_Log!$G$2:$G$523),0)),"") | E12: =IF(D12="","",COUNTIF(HIS_Log!G:G,D12)) | M12: แมน | N12: =COUNTIF(HIS_Log!F:F,M12) -> 0 | P12: แมน | Q12: =COUNTIF(HIS_Log!G:G,P12) -> 0
A13: EMR | B13: =COUNTIF(HIS_Log!D:D,A13) -> 0 | D13: =IFERROR(INDEX(HIS_Log!$G$2:$G$523,MATCH(0,COUNTIF($D$5:D12,HIS_Log!$G$2:$G$523),0)),"") | E13: =IF(D13="","",COUNTIF(HIS_Log!G:G,D13)) | M13: ต้อม | N13: =COUNTIF(HIS_Log!F:F,M13) -> 0 | P13: ต้อม | Q13: =COUNTIF(HIS_Log!G:G,P13) -> 0
A14: Interface | B14: =COUNTIF(HIS_Log!D:D,A14) -> 0 | D14: =IFERROR(INDEX(HIS_Log!$G$2:$G$523,MATCH(0,COUNTIF($D$5:D13,HIS_Log!$G$2:$G$523),0)),"") | E14: =IF(D14="","",COUNTIF(HIS_Log!G:G,D14)) | M14: มด | N14: =COUNTIF(HIS_Log!F:F,M14) -> 0 | P14: มด | Q14: =COUNTIF(HIS_Log!G:G,P14) -> 0
A15: Xray | B15: =COUNTIF(HIS_Log!D:D,A15) -> 0 | D15: =IFERROR(INDEX(HIS_Log!$G$2:$G$523,MATCH(0,COUNTIF($D$5:D14,HIS_Log!$G$2:$G$523),0)),"") | E15: =IF(D15="","",COUNTIF(HIS_Log!G:G,D15)) | M15: เต้ | N15: =COUNTIF(HIS_Log!F:F,M15) -> 0 | P15: เต้ | Q15: =COUNTIF(HIS_Log!G:G,P15) -> 0
A16: Consent form | B16: =COUNTIF(HIS_Log!D:D,A16) -> 0 | D16: =IFERROR(INDEX(HIS_Log!$G$2:$G$523,MATCH(0,COUNTIF($D$5:D15,HIS_Log!$G$2:$G$523),0)),"") | E16: =IF(D16="","",COUNTIF(HIS_Log!G:G,D16)) | M16: อาร์ต | N16: =COUNTIF(HIS_Log!F:F,M16) -> 0 | P16: อาร์ต | Q16: =COUNTIF(HIS_Log!G:G,P16) -> 0
A17: Assessment | B17: =COUNTIF(HIS_Log!D:D,A17) -> 0 | D17: =IFERROR(INDEX(HIS_Log!$G$2:$G$523,MATCH(0,COUNTIF($D$5:D16,HIS_Log!$G$2:$G$523),0)),"") | E17: =IF(D17="","",COUNTIF(HIS_Log!G:G,D17)) | M17: หนึ่ง | N17: =COUNTIF(HIS_Log!F:F,M17) -> 0 | P17: หนึ่ง | Q17: =COUNTIF(HIS_Log!G:G,P17) -> 0
A18: Package | B18: =COUNTIF(HIS_Log!D:D,A18) -> 0 | D18: =IFERROR(INDEX(HIS_Log!$G$2:$G$523,MATCH(0,COUNTIF($D$5:D17,HIS_Log!$G$2:$G$523),0)),"") | E18: =IF(D18="","",COUNTIF(HIS_Log!G:G,D18)) | M18: เบียร์ | N18: =COUNTIF(HIS_Log!F:F,M18) -> 0 | P18: เบียร์ | Q18: =COUNTIF(HIS_Log!G:G,P18) -> 0
A19: CPOE | B19: =COUNTIF(HIS_Log!D:D,A19) -> 0 | D19: =IFERROR(INDEX(HIS_Log!$G$2:$G$523,MATCH(0,COUNTIF($D$5:D18,HIS_Log!$G$2:$G$523),0)),"") | E19: =IF(D19="","",COUNTIF(HIS_Log!G:G,D19)) | M19: พี่นอล | N19: =COUNTIF(HIS_Log!F:F,M19) -> 0 | P19: พี่นอล | Q19: =COUNTIF(HIS_Log!G:G,P19) -> 0
A20: eMar | B20: =COUNTIF(HIS_Log!D:D,A20) -> 0 | D20: =IFERROR(INDEX(HIS_Log!$G$2:$G$523,MATCH(0,COUNTIF($D$5:D19,HIS_Log!$G$2:$G$523),0)),"") | E20: =IF(D20="","",COUNTIF(HIS_Log!G:G,D20))
A21: Log in | B21: =COUNTIF(HIS_Log!D:D,A21) -> 0 | D21: =IFERROR(INDEX(HIS_Log!$G$2:$G$523,MATCH(0,COUNTIF($D$5:D20,HIS_Log!$G$2:$G$523),0)),"") | E21: =IF(D21="","",COUNTIF(HIS_Log!G:G,D21))
A22: VNA | B22: =COUNTIF(HIS_Log!D:D,A22) -> 0 | D22: =IFERROR(INDEX(HIS_Log!$G$2:$G$523,MATCH(0,COUNTIF($D$5:D21,HIS_Log!$G$2:$G$523),0)),"") | E22: =IF(D22="","",COUNTIF(HIS_Log!G:G,D22))
A23: Nutrition | B23: =COUNTIF(HIS_Log!D:D,A23) -> 0 | D23: =IFERROR(INDEX(HIS_Log!$G$2:$G$523,MATCH(0,COUNTIF($D$5:D22,HIS_Log!$G$2:$G$523),0)),"") | E23: =IF(D23="","",COUNTIF(HIS_Log!G:G,D23))
A24: Report | B24: =COUNTIF(HIS_Log!D:D,A24) -> 0 | D24: =IFERROR(INDEX(HIS_Log!$G$2:$G$523,MATCH(0,COUNTIF($D$5:D23,HIS_Log!$G$2:$G$523),0)),"") | E24: =IF(D24="","",COUNTIF(HIS_Log!G:G,D24))
A25: Scan | B25: =COUNTIF(HIS_Log!D:D,A25) -> 0 | D25: =IFERROR(INDEX(HIS_Log!$G$2:$G$523,MATCH(0,COUNTIF($D$5:D24,HIS_Log!$G$2:$G$523),0)),"") | E25: =IF(D25="","",COUNTIF(HIS_Log!G:G,D25))
A26: Admit | B26: =COUNTIF(HIS_Log!D:D,A26) -> 0
A27: Patient Info | B27: =COUNTIF(HIS_Log!D:D,A27) -> 0 | D27: =IFERROR(INDEX(HIS_Log!$G$2:$G$523,MATCH(0,COUNTIF($D$5:D25,HIS_Log!$G$2:$G$523),0)),"") | E27: =IF(D27="","",COUNTIF(HIS_Log!G:G,D27))
A28: Other | B28: =COUNTIF(HIS_Log!D:D,A28) -> 0 | D28: =IFERROR(INDEX(HIS_Log!$G$2:$G$523,MATCH(0,COUNTIF($D$5:D27,HIS_Log!$G$2:$G$523),0)),"") | E28: =IF(D28="","",COUNTIF(HIS_Log!G:G,D28))
D29: =IFERROR(INDEX(HIS_Log!$G$2:$G$523,MATCH(0,COUNTIF($D$5:D28,HIS_Log!$G$2:$G$523),0)),"") | E29: =IF(D29="","",COUNTIF(HIS_Log!G:G,D29))
D30: =IFERROR(INDEX(HIS_Log!$G$2:$G$523,MATCH(0,COUNTIF($D$5:D29,HIS_Log!$G$2:$G$523),0)),"") | E30: =IF(D30="","",COUNTIF(HIS_Log!G:G,D30))
